bedrooms,bathrooms,area,zipcode,has_wifi,has_ac,is_entire_place,price
1,1,382,90001,0,1,1,110.74210861229503
4,4,1320,10001,1,1,1,180.234149149291
3,3,1047,94105,1,1,1,169.0280015664544
2,3,682,33101,1,0,1,124.58752480401647
2,2,732,33101,1,1,0,109.88752353253624
4,4,1680,10001,1,0,0,181.4259445172615
1,2,354,10002,0,1,1,92.6691648367996
3,4,1146,10002,1,1,1,167.95395725612218
1,1,247,10003,1,1,0,70.3916683717333
1,2,347,10001,1,1,1,82.79390340201148
3,3,921,33101,1,0,1,127.68874797477919
4,4,1156,94105,1,1,1,188.93244883281227
3,4,918,94105,1,0,0,140.68299909914285
4,4,1332,10002,1,0,1,172.53911100343834
3,4,1185,10001,1,0,0,149.81005626723152
4,4,1132,33101,1,0,1,181.34932252915627
3,3,1053,10002,1,1,1,156.32863943026396
1,1,325,90001,1,1,1,79.66445063359032
4,4,1332,33101,1,1,1,198.6629295564895
2,3,800,10001,1,0,1,140.89185502981633
3,3,1128,10001,1,0,1,153.2455665532285
2,2,832,10001,1,1,1,133.6366351134409
1,2,342,10001,0,0,1,96.0695999681381
4,4,1260,10001,1,1,1,195.90099316404513
4,4,1352,94105,1,0,1,185.44099177112625
3,3,1086,90001,1,1,0,151.23347047074884
2,3,716,33101,1,1,1,136.19660573346502
4,4,1180,94105,1,1,0,162.02662325452957
3,4,1062,33101,1,0,1,163.65723156859588
2,2,722,10002,1,0,1,99.69186028873446
2,2,950,10002,1,1,0,109.00400544874945
1,2,443,33101,1,0,1,104.21065067808087
1,1,307,10002,1,1,1,94.27720162694197
3,4,1005,10001,1,1,1,178.09898289685862
4,4,1104,94105,1,1,1,178.38325616312707
1,2,320,94105,0,1,1,79.97751158723233
4,4,1460,33101,1,1,1,187.19562802929656
4,4,1640,33101,1,1,1,195.12031297240574
2,2,626,10001,1,0,1,111.5398871634001
3,4,951,94105,1,1,1,173.61180478756702
1,1,242,33101,1,0,1,72.53729574996555
4,4,1364,94105,1,1,0,181.12034471802923
3,3,888,94105,0,1,1,135.81372850565393
2,3,646,33101,1,0,1,125.75317278043813
1,2,306,10003,1,1,1,95.98108550185637
4,4,1380,10001,1,1,1,180.10186661715483
2,3,524,10003,1,0,1,116.04170637825146
4,4,1104,10002,1,1,1,178.95824253484776
3,4,1368,10001,0,1,1,164.59844870662903
4,4,1140,10001,1,0,1,191.31341242267683
4,4,1180,94105,1,0,0,164.0155399769212
1,1,441,90001,1,0,0,68.68603889822663
2,2,990,90001,1,1,1,106.87549042389858
2,2,582,94105,1,0,1,101.10792648020522
2,3,662,90001,1,0,1,119.01926575543646
1,1,367,90001,0,0,0,57.416473238233564
3,4,1308,10001,1,0,1,176.61707593377795
1,1,300,33101,1,1,1,83.95062224603781
3,3,1011,10003,1,0,1,158.45944249318254
3,4,1164,10001,1,1,0,157.81704634050368
4,4,1484,94105,1,1,0,180.97227836421575
3,3,993,94105,1,1,1,152.437035522875
2,2,686,10001,1,0,1,112.28796251621459
4,4,1124,10002,1,1,1,198.48795003049858
2,3,676,10001,1,1,1,106.80389273248781
2,3,672,10002,1,0,1,101.98454255561322
4,4,1444,10001,1,1,1,183.76829168943885
2,2,644,94105,1,1,0,109.74527881937568
1,2,373,90001,1,0,1,96.32604424764013
2,3,800,33101,1,1,1,137.83087198027474
4,4,1428,94105,1,1,1,185.3575408711943
1,1,367,90001,1,1,1,97.46543693241762
2,2,704,90001,1,1,0,121.0019540315273
1,2,350,10001,1,1,1,98.69057831271564
3,3,939,10001,1,1,1,161.2015757248684
2,2,730,90001,1,1,0,114.07645263432129
2,2,690,10001,1,1,1,114.73516973217116
1,2,454,10001,0,1,1,101.42816839000004
3,3,1284,10002,1,0,1,153.40613122578677
3,3,1107,33101,1,1,1,155.78839846754488
4,4,1244,10003,1,1,1,199.12953572189576
2,2,588,94105,1,0,1,85.69127871459914
1,2,409,10003,0,0,1,71.3481582984043
4,4,1452,10002,1,1,1,177.6292957362563
3,3,1122,10003,1,0,1,144.71739352431197
3,4,786,10001,1,0,0,137.2039183023397
1,1,396,94105,1,1,1,73.32674352226954
2,3,744,10002,1,1,1,121.94841967689175
4,4,1176,10003,1,1,0,164.0915832147643
4,4,1304,33101,1,1,1,210.2742409207589
2,3,726,90001,1,1,0,139.26741947747146
4,4,1408,10003,1,1,0,174.3825058231535
4,4,1340,90001,1,0,1,174.96416709693202
2,2,688,94105,1,0,1,101.20796002811706
4,4,1348,10002,1,1,1,167.8186958677473
2,3,714,90001,1,0,1,121.78119813591475
1,2,423,33101,1,1,1,88.69648016755974
3,3,663,90001,1,1,1,143.8264946833799
3,3,1014,10003,1,0,1,129.64794150956524
1,1,358,10001,1,0,1,71.43025541689742
4,4,1456,10002,1,1,1,191.0862709530283
1,2,331,33101,1,1,1,100.03709597783937
4,4,1048,90001,1,0,1,175.47471958742014
1,2,366,10002,1,1,0,74.14511015842963
4,4,1744,10003,1,1,1,205.44685730135564
4,4,1092,90001,1,1,1,172.39788303398151
4,4,1572,90001,1,1,0,188.72857914607306
3,4,999,94105,0,0,1,150.36861323381805
2,2,692,10002,1,0,1,98.73612500922052
3,3,891,90001,1,1,1,147.21302295418812
2,3,666,10003,1,0,1,125.60363742063768
4,4,1660,33101,1,1,1,200.729653804746
3,3,1137,10001,1,1,1,155.11512102555582
2,2,872,10001,1,0,1,132.21778890601053
3,3,1224,10003,1,1,1,168.9751077098656
3,4,1113,90001,0,0,1,150.35845883600246
1,2,437,94105,1,1,1,106.92621812136944
1,2,371,10003,1,0,1,108.91293485188187
1,2,391,33101,1,1,1,117.47984600783028
1,2,335,10003,1,1,1,84.39500119177502
2,2,706,10001,0,1,1,106.4846688884285
3,3,945,10001,1,1,1,166.5741878673385
3,4,1197,33101,0,1,1,152.44218949162362
2,3,582,10001,1,1,1,114.4245886670832
4,4,1556,33101,1,1,1,187.13805869300953
3,3,1020,10002,1,1,1,157.90226709474584
1,1,408,10001,1,1,1,87.27603293388903
4,4,1548,10002,1,1,0,175.39436379594406
3,3,1323,90001,1,0,0,136.4328753827549
3,4,1158,10003,1,1,1,160.12662935587292
3,4,813,94105,0,1,1,145.02990371341056
3,3,1038,90001,1,1,1,176.8663287727606
1,1,291,10003,1,0,0,70.55011071185554
3,4,972,90001,1,1,1,171.26759054404738
4,4,1700,33101,0,1,0,175.70922531881075
2,3,762,10003,1,1,1,130.4904332281395
3,4,945,10001,1,0,1,146.58946018629644
1,1,299,10003,0,1,1,54.257916650807985
2,2,702,33101,1,0,1,98.86990723152132
2,3,578,10002,1,0,0,91.54381320019606
4,4,1264,33101,1,1,1,162.2021622204839
1,1,365,90001,1,1,0,65.27141025701897
2,3,814,90001,1,0,1,138.6995567938163
2,3,760,10002,1,1,1,131.75563832295646
4,4,940,33101,1,1,1,189.50563762321173
4,4,1460,10001,1,1,1,193.70982576900875
1,2,353,10002,1,1,1,104.8505882571516
1,2,370,10003,1,1,1,88.54103004695425
4,4,1720,10003,1,1,1,201.53950954192672
1,1,246,10003,1,1,1,91.73714234074345
4,4,1280,10001,1,1,1,179.33352707766306
2,2,758,10002,0,1,1,122.74540370616167
4,4,1080,10001,1,0,1,177.76187758574832
2,2,846,90001,1,1,1,118.75447378869917
2,3,736,10003,1,1,1,120.47231567729004
3,4,1176,90001,1,1,1,155.65871668101727
1,1,321,90001,1,0,0,68.99005541921461
3,4,1170,94105,1,0,1,163.02009868789315
3,3,1209,90001,1,1,1,150.39974169542086
4,4,1444,90001,1,0,1,181.465853413261
4,4,1444,90001,1,1,1,194.90537036138485
3,4,1089,90001,1,1,1,171.506907146653
2,2,612,90001,1,1,1,133.91880120122488
2,3,684,10002,1,1,1,143.06980832198045
2,2,684,10002,1,1,1,110.28708567243456
4,4,1476,94105,1,1,1,207.23586209538024
2,2,798,10003,1,1,1,117.94023495444286
1,1,297,90001,1,1,1,95.97372812454428
2,2,686,10002,0,1,1,116.0298662605109
1,2,424,10003,1,1,1,94.77850621543031
1,1,312,90001,0,1,1,62.82303140225068
1,2,308,90001,1,1,1,94.08435489783652
4,4,1440,90001,1,0,1,165.5061676469439
3,3,1176,10003,1,1,1,167.37299235842775
3,4,1050,33101,1,1,1,179.51792657139248
2,2,832,90001,1,0,1,107.9308901070331
3,4,1176,94105,1,0,1,162.9197074251927
1,2,392,94105,1,1,1,91.04608477992025
4,4,1508,90001,1,1,1,184.51515269863208
3,3,1398,33101,1,1,1,170.7949470386537
4,4,1356,10001,1,0,1,178.61461738156586
1,2,249,33101,1,0,1,103.7214804193101
2,3,860,33101,1,1,1,129.7776752129708
3,3,981,90001,1,1,1,162.6183633247449
2,2,710,94105,1,0,1,114.22413412957782
2,2,830,90001,1,0,1,123.80778009744233
1,1,269,10002,1,0,1,72.45342342670054
2,3,574,94105,1,1,0,117.35441162448417
1,2,269,10002,1,1,0,83.77001120701065
2,2,620,10002,1,0,1,102.33942885154212
3,4,1113,90001,1,0,1,164.54581534581752
3,3,1128,33101,1,1,1,162.80249005578364
3,3,1089,10003,1,1,0,151.46054694905567
2,3,558,10003,1,1,1,142.61965653917645
4,4,936,10001,1,1,0,180.99344801236305
1,2,352,10001,1,0,1,85.15055310150863
2,2,652,10001,1,0,1,115.13052318434177
1,1,372,10001,1,0,0,63.163993107417866
2,2,770,33101,1,1,0,112.58355316114555
4,4,1424,33101,1,1,1,182.70250550881133
